<?xml version="1.0" encoding="UTF-8"?>
    <suite name="NumberToWordsTest" parallel="false">
    <test name="1Test">
    <classes>
      <parameter name="num" value="1"></parameter>
      <class name="com.NumberToWordsTest"/>
    </classes>
     </test>
     <test name="20Test">
    <classes>
      <parameter name="num" value="20"></parameter>
      <class name="com.NumberToWordsTest"/>
    </classes>
     </test>
     <test name="30Test">
    <classes>
      <parameter name="num" value="30"></parameter>
      <class name="com.NumberToWordsTest"/>
    </classes>
     </test>
      <test name="90Test">
    <classes>
      <parameter name="num" value="90"></parameter>
      <class name="com.NumberToWordsTest"/>
    </classes>
     </test>
    </suite>